Terminal,^t(konsole),konsole
File Manager,^f(dolphin),dolphin
Browser,^w(google-chrome-stable),google-chrome-stable
Editor,^e(kate),kate
---
Screenshot (full),^s,sh -c 'maim ~/Pictures/screenshots/$(date +%Y%m%d-%H%M%S).png && notify-send "Screenshot saved"'
Screenshot to clipboard,sh -c 'maim | xclip -selection clipboard -t image/png && notify-send "Copied to clipboard"'
Screenshot region,sh -c 'maim -s ~/Pictures/screenshots/$(date +%Y%m%d-%H%M%S).png && notify-send "Region captured"'
---
Display Settings,kcmshell5 kcm_kscreen
Audio Settings,pavucontrol
Network Connections,nm-connection-editor
Bluetooth,blueman-manager
System Settings,systemsettings5
---
Lock,^l,i3lock -c 08080a -e -f
Reload i3,^r,i3-msg reload
Restart i3,^R,i3-msg restart
---
Logout,^q,i3-msg exit
Reboot,systemctl reboot
Poweroff,systemctl poweroff
